<?xml version="1.0" encoding="utf-8" ?>
<CodeDoc>
	<Class name="AutoHidePaneCollection">
		<ClassDef>
			<summary>Provides methods to manage a collection of <see cref="AutoHidePane" /> objects.</summary>
		</ClassDef>
		<Property name="DockPanel">
			<summary>Gets the <see cref="DockPanel"/> contains the <see cref="AutoHidePaneCollection"/>.</summary>
			<value>The <see cref="DockPanel"/> contains the <see cref="AutoHidePaneCollection"/>.</value>
		</Property>
		<Property name="Count">
			<summary>Gets the number of elements contained in the <see cref="AutoHidePaneCollection"/> instance.</summary>
			<value>The number of elements contained in the <see cref="AutoHidePaneCollection"/> instance.</value>
		</Property>
		<Property name="Item">
			<summary>
			<para>Gets a <see cref="AutoHidePane" /> at the specified index.</para>
			<para>In C#, this property is the indexer for the <see cref="AutoHidePaneCollection" /> class.</para>
			</summary>
		</Property>
		<Method name="Contains">
			<overloads><summary>Determines whether an element is in the <see cref="AutoHidePaneCollection" />.</summary></overloads>
		</Method>
		<Method name="Contains(AutoHidePane)">
			<summary>Determines whether a <see cref="AutoHidePane" /> is in the <see cref="AutoHidePaneCollection" />.</summary>
			<param name="autoHidePane">The <see cref="AutoHidePane" /> to locate in <see cref="AutoHidePaneCollection" />.</param>
			<returns><b>true</b> if <paramref name="autoHidePane" /> is found in the <see cref="AutoHidePaneCollection" />; otherwise, <b>false</b>.</returns>
		</Method>
		<Method name="Contains(DockPane)">
			<summary>Determines whether a <see cref="DockPane" /> is in the <see cref="AutoHidePaneCollection" />.</summary>
			<param name="pane">The <see cref="DockPane" /> to locate in <see cref="AutoHidePaneCollection" />.</param>
			<returns><b>true</b> if <paramref name="pane" /> is found in the <see cref="AutoHidePaneCollection" />; otherwise, <b>false</b>.</returns>
		</Method>
		<Method name="IndexOf">
			<overloads><summary>Searches for the specified element and returns the zero based index within the entire <see cref="AutoHidePaneCollection" />.</summary></overloads>
		</Method>
		<Method name="IndexOf(AutoHidePane)">
			<summary>Searches for the specified <see cref="AutoHidePane" /> and returns the zero-based index within the entire <see cref="AutoHidePaneCollection" />.</summary>
			<param name="autoHidePane">The <see cref="AutoHidePane" /> to locate in the <see cref="AutoHidePaneCollection" />.</param>
			<returns>The zero-based index of <paramref name="autoHidePane" /> within the entire <see cref="AutoHidePaneCollection" />, if found; otherwise, -1.</returns>
		</Method>
		<Method name="IndexOf(DockPane)">
			<summary>Searches for the specified <see cref="DockPane" /> and returns the zero-based index within the entire <see cref="AutoHidePaneCollection" />.</summary>
			<param name="pane">The <see cref="DockPane" /> to locate in the <see cref="AutoHidePaneCollection" />.</param>
			<returns>The zero-based index of <paramref name="pane" /> within the entire <see cref="AutoHidePaneCollection" />, if found; otherwise, -1.</returns>
		</Method>
	</Class>
</CodeDoc>
