<?xml version="1.0" encoding="utf-8" ?>
<CodeDoc>
	<Class name="DockPaneCaptionVS2003">
		<ClassDef>
			<summary>Visual Studio 2003 style caption of <see cref="DockPane"/>.</summary>
		</ClassDef>
		<Construct name="(DockPane)">
			<summary>Initializes a instance of <see cref="DockPaneCaptionVS2003"/> class.</summary>
			<param name="pane">The associated <see cref="DockPane"/>.</param>
		</Construct>
		<Property name="TextGapTop">
			<summary>Gets the extra space on the top side when drawing the caption text.</summary>
			<value>The extra space, in pixel, on the top side when drawing the caption text.</value>
			<remarks>Derived class can override this property to provide its own value.</remarks>
		</Property>
		<Property name="TextGapBottom">
			<summary>Gets the extra space on the bottom side when drawing the caption text.</summary>
			<value>The extra space, in pixel, on the bottom side when drawing the caption text.</value>
			<remarks>Derived class can override this property to provide its own value.</remarks>
		</Property>
		<Property name="TextGapLeft">
			<summary>Gets the extra space on the left side when drawing the caption text.</summary>
			<value>The extra space, in pixel, on the left side when drawing the caption text.</value>
			<remarks>Derived class can override this property to provide its own value.</remarks>
		</Property>
		<Property name="TextGapRight">
			<summary>Gets the extra space on the right side when drawing the caption text.</summary>
			<value>The extra space, in pixel, on the right side when drawing the caption text.</value>
			<remarks>Derived class can override this property to provide its own value.</remarks>
		</Property>
		<Property name="ButtonGapTop">
			<summary>Gets the space between the inert buttons and the top of the caption area.</summary>
			<value>The the space, in pixel, between the inert buttons and the top of the caption area.</value>
			<remarks>Derived class can override this property to provide its own value.</remarks>
		</Property>
		<Property name="ButtonGapBottom">
			<summary>Gets the space between the inert buttons and the bottom of the caption area.</summary>
			<value>The the space, in pixel, between the inert buttons and the bottom of the caption area.</value>
			<remarks>Derived class can override this property to provide its own value.</remarks>
		</Property>
		<Property name="ButtonGapRight">
			<summary>Gets the space between the inert buttons and the right of the caption area.</summary>
			<value>The the space, in pixel, between the inert buttons and the right of the caption area.</value>
			<remarks>Derived class can override this property to provide its own value.</remarks>
		</Property>
		<Property name="ButtonGapLeft">
			<summary>Gets the space between the inert buttons and the left caption text.</summary>
			<value>The the space, in pixel, between the inert buttons and the left caption text.</value>
			<remarks>Derived class can override this property to provide its own value.</remarks>
		</Property>
		<Property name="ButtonGapBetween">
			<summary>Gets the space between the inert buttons.</summary>
			<value>The the space, in pixel, between the inert buttons.</value>
			<remarks>Derived class can override this property to provide its own value.</remarks>
		</Property>
		<Property name="ImageCloseEnabled">
			<summary>Gets the <see cref="Image"/> of the "close" inert button, when enabled.</summary>
			<value>The <see cref="Image"/> of the "close" inert button, when enabled.</value>
			<remarks>Derived class can override this property to provide its own value.</remarks>
		</Property>
		<Property name="ImageCloseDisabled">
			<summary>Gets the <see cref="Image"/> of the "close" inert button, when disabled.</summary>
			<value>The <see cref="Image"/> of the "close" inert button, when disabled.</value>
			<remarks>Derived class can override this property to provide its own value.</remarks>
		</Property>
		<Property name="ImageAutoHideYes">
			<summary>Gets the <see cref="Image"/> of the "auto hide" inert button, when displayed as unpinned.</summary>
			<value>The <see cref="Image"/> of the "auto hide" inert button, when displayed as unpinned.</value>
			<remarks>Derived class can override this property to provide its own value.</remarks>
		</Property>
		<Property name="ImageAutoHideNo">
			<summary>Gets the <see cref="Image"/> of the "auto hide" inert button, when displayed as pinned.</summary>
			<value>The <see cref="Image"/> of the "auto hide" inert button, when displayed as pinned.</value>
			<remarks>Derived class can override this property to provide its own value.</remarks>
		</Property>
		<Property name="ToolTipClose">
			<summary>Gets the tool tip text of the "close" inert button.</summary>
			<value>The tool tip text of the "close" inert button.</value>
			<remarks>Derived class can override this property to provide its own value.</remarks>
		</Property>
		<Property name="ToolTipAutoHide">
			<summary>Gets the tool tip text of the "auto hide" inert button.</summary>
			<value>The tool tip text of the "auto hide" inert button.</value>
			<remarks>Derived class can override this property to provide its own value.</remarks>
		</Property>
		<Property name="ActiveBackColor">
			<summary>Gets the background color when the <see cref="DockPane"/> is active.</summary>
			<value>A <see cref="Color"/> represents the background color when the <see cref="DockPane"/> is active.</value>
			<remarks>Derived class can override this property to provide its own value.</remarks>
		</Property>
		<Property name="InactiveBackColor">
			<summary>Gets the background color when the <see cref="DockPane"/> is inactive.</summary>
			<value>A <see cref="Color"/> represents the background color when the <see cref="DockPane"/> is inactive.</value>
			<remarks>Derived class can override this property to provide its own value.</remarks>
		</Property>
		<Property name="ActiveTextColor">
			<summary>Gets the text color when the <see cref="DockPane"/> is active.</summary>
			<value>A <see cref="Color"/> represents the text color when the <see cref="DockPane"/> is active.</value>
			<remarks>Derived class can override this property to provide its own value.</remarks>
		</Property>
		<Property name="InactiveTextColor">
			<summary>Gets the text color when the <see cref="DockPane"/> is inactive.</summary>
			<value>A <see cref="Color"/> represents the text color when the <see cref="DockPane"/> is inactive.</value>
			<remarks>Derived class can override this property to provide its own value.</remarks>
		</Property>
		<Property name="InactiveBorderColor">
			<summary>Gets the border color when the <see cref="DockPane"/> is inactive.</summary>
			<value>A <see cref="Color"/> represents the border color when the <see cref="DockPane"/> is inactive.</value>
			<remarks>Derived class can override this property to provide its own value.</remarks>
		</Property>
		<Property name="ActiveButtonBorderColor">
			<summary>Gets the inert buttons' border color when the <see cref="DockPane"/> is active.</summary>
			<value>A <see cref="Color"/> represents the inert buttons' border color when the <see cref="DockPane"/> is active.</value>
			<remarks>Derived class can override this property to provide its own value.</remarks>
		</Property>
		<Property name="InactiveButtonBorderColor">
			<summary>Gets the inert buttons' border color when the <see cref="DockPane"/> is inactive.</summary>
			<value>A <see cref="Color"/> represents the inert buttons' border color when the <see cref="DockPane"/> is inactive.</value>
			<remarks>Derived class can override this property to provide its own value.</remarks>
		</Property>
		<Property name="TextStringFormat">
			<summary>Gets the <see cref="StringFormat"/> to draw the caption text.</summary>
			<value>The <see cref="StringFormat"/> to draw the caption text.</value>
			<remarks>Derived class can override this property to provide its own value.</remarks>
		</Property>
	</Class>
</CodeDoc>