﻿<?xml version="1.0" encoding="utf-8" ?>
<CodeDoc>
	<Class name="DockWindowCollection">
		<ClassDef>
			<summary>Provides methods to manage a collection of <see cref="Fireball.Docking.DockWindow" /> objects.</summary>
		</ClassDef>
		<Property name="Item">
			<summary>
			<para>Gets a <see cref="Fireball.Docking.DockWindow" /> at the specified docking state.</para>
			<para>In C#, this property is the indexer for the <see cref="Fireball.Docking.DockWindowCollection" /> class.</para>
			</summary>
		</Property>
	</Class>
</CodeDoc>
