﻿<?xml version="1.0" encoding="utf-8" ?>
<CodeDoc>
	<Class name="DockWindow">
		<ClassDef>
			<summary>Represents the docking zone of the <see cref="Fireball.Docking.DockPanel" />.</summary>
			<remarks>
				<para>The <see cref="Fireball.Docking.DockPanel" /> is divided into 5
				<see cref="Fireball.Docking.DockWindow" />s: Top, Bottom, Left, Right and Document.
				The document <see cref="Fireball.Docking.DockWindow" /> is always positioned in the central of the 
				<see cref="Fireball.Docking.DockPanel" />. Other 4 <see cref="Fireball.Docking.DockWindow" />s’ positions
				are determined by the Z-order. The last displayed <see cref="Fireball.Docking.DockWindow" /> will be sent to the back of the
				Z-order.</para>
				<para>The <see cref="Fireball.Docking.DockWindow" /> implements <see cref="Fireball.Docking.IDockListContainer" />,
				it can contain a list of nested <see cref="Fireball.Docking.DockPane" /> objects.</para>
			</remarks>
		</ClassDef>
		<Property name="DisplayingList">
			<summary>Gets the <see cref="Fireball.Docking.DisplayingDockList" /> which contains
			a list of visible nested docking <see cref="Fireball.Docking.DockPane" /> objects.</summary>
			<value>The <see cref="Fireball.Docking.DisplayingDockList" /> which contains
			a list of visible nested docking <see cref="Fireball.Docking.DockPane" /> objects.</value>
		</Property>
		<Property name="DisplayingRectangle">
			<summary>Gets the rectangle represents the displaying area for nested docking DockPane objects.</summary>
			<value>A <see cref="System.Drawing.Rectangle" /> represents the displaying area for nested docking DockPane objects.</value>
		</Property>
		<Property name="DockList">
			<summary>Gets the <see cref="Fireball.Docking.DockList" /> which contains
			a list of nested docking <see cref="Fireball.Docking.DockPane" /> objects.</summary>
			<value>The <see cref="Fireball.Docking.DockList" /> which contains
			a list of nested docking <see cref="Fireball.Docking.DockPane" /> objects.</value>
		</Property>
		<Property name="DockPanel">
			<summary>Gets the <see cref="Fireball.Docking.DockPanel"/> which contains this
			<see cref="Fireball.Docking.DockWindow"/>.</summary>
			<value>The <see cref="Fireball.Docking.DockPanel"/> which contains this
			<see cref="Fireball.Docking.DockWindow"/>.</value>
		</Property>
		<Property name="DockState">
			<summary>Gets the docking state of this <see cref="Fireball.Docking.DockWindow"/>.</summary>
			<value>The docking state of this <see cref="Fireball.Docking.DockWindow"/>.</value>
		</Property>
		<Property name="IsFloat">
			<summary>Gets to determine if this <see cref="Fireball.Docking.DockWindow"/> is floating.</summary>
			<value>The value of this property is always <b>false</b>.</value>
		</Property>
	</Class>
</CodeDoc>
