﻿<?xml version="1.0" encoding="utf-8" ?>
<CodeDoc>
	<Class name="FloatWindowCollection">
		<ClassDef>
			<summary>Provides methods to manage a collection of <see cref="Fireball.Docking.FloatWindow" /> objects.</summary>
		</ClassDef>
		<Property name="Item">
			<summary>
			<para>Gets a <see cref="Fireball.Docking.FloatWindow" /> at the specified index.</para>
			<para>In C#, this property is the indexer for the <see cref="Fireball.Docking.FloatWindowCollection" /> class.</para>
			</summary>
		</Property>
		<Method name="Contains(FloatWindow)">
			<summary>
			Determines whether a <see cref="Fireball.Docking.FloatWindow" /> is in the
			<see cref="Fireball.Docking.FloatWindowCollection" />.
		</summary>
			<param name="fw">
			The <see cref="Fireball.Docking.FloatWindow" /> to locate in
			<see cref="Fireball.Docking.FloatWindowCollection" />.
		</param>
			<returns>
			<b>true</b> if <paramref name="fw" /> is found in the
			<see cref="Fireball.Docking.FloatWindowCollection" />;
			otherwise, <b>false</b>.
		</returns>
		</Method>
		<Method name="IndexOf(FloatWindow)">
			<summary>
			Searches for the specified <see cref="Fireball.Docking.FloatWindow" />
			and returns the zero-based index within the entire
			<see cref="Fireball.Docking.FloatWindowCollection" />.
		</summary>
			<param name="fw">
			The <see cref="Fireball.Docking.FloatWindow" />
			to locate in the <see cref="Fireball.Docking.FloatWindowCollection" />
		</param>
			<returns>
			The zero-based index of <paramref name="fw" /> within the entire
			<see cref="Fireball.Docking.FloatWindowCollection" />, if found;
			otherwise, -1.
		</returns>
		</Method>
	</Class>
</CodeDoc>
